customer_id,age,gender,city,tenure_months,monthly_charges,total_charges,contract_type,payment_method,internet_service,support_calls,complaints,login_frequency,subscription_type,satisfaction_score,inactive_days,churn,tenure_years,calculated_monthly_charge,support_complaint_ratio,churn_encoded
C001,58,Male,Chennai,48,46.21,2302.0,Monthly,UPI,No Internet,0,0,4,Standard,4,14,No,4.0,47.958333333333336,0.0,0
C002,19,Male,Kochi,15,51.43,817.03,Monthly,Credit Card,No Internet,5,2,6,Standard,4,48,Yes,1.25,54.468666666666664,0.4,1
C003,23,Female,Bengaluru,23,82.35,1987.12,Yearly,Bank Transfer,No Internet,6,0,19,Basic,5,53,Yes,1.9166666666666667,86.39652173913043,0.0,1
C004,41,Male,Bengaluru,3,98.44,318.25,Yearly,Credit Card,Fiber,4,3,22,Standard,6,10,Yes,0.25,106.08333333333333,0.75,1
C005,31,Female,Bengaluru,39,75.74,2833.25,Yearly,Bank Transfer,DSL,8,1,23,Standard,6,53,No,3.25,72.6474358974359,0.125,0
C006,21,Male,Chennai,52,50.44,2501.59,Monthly,Debit Card,Fiber,7,3,30,Premium,8,9,Yes,4.333333333333333,48.1075,0.42857142857142855,1
C007,33,Female,Kochi,58,59.39,3718.72,Yearly,Credit Card,No Internet,1,0,29,Standard,2,9,No,4.833333333333333,64.11586206896551,0.0,0
C008,68,Female,Bengaluru,25,119.63,3004.68,Monthly,UPI,No Internet,1,5,30,Premium,9,48,Yes,2.0833333333333335,120.18719999999999,5.0,1
C009,59,Female,Bengaluru,19,68.1,1387.85,Monthly,Debit Card,No Internet,8,0,29,Basic,5,53,Yes,1.5833333333333333,73.04473684210525,0.0,1
C010,56,Male,Hyderabad,24,76.24,1911.33,Yearly,UPI,No Internet,7,0,5,Standard,6,56,Yes,2.0,79.63875,0.0,1
C011,69,Female,Mumbai,4,78.9,294.33,Monthly,Bank Transfer,Fiber,2,1,23,Premium,8,60,Yes,0.3333333333333333,73.5825,0.5,1
C012,34,Female,Mumbai,60,94.34,5389.74,Monthly,Debit Card,DSL,5,3,30,Premium,9,28,Yes,5.0,89.829,0.6,1
C013,32,Male,Delhi,2,46.86,89.52,Yearly,UPI,No Internet,0,1,4,Premium,1,55,Yes,0.16666666666666666,44.76,1.0,1
C014,50,Male,Pune,43,76.23,3395.03,Monthly,Bank Transfer,Fiber,6,1,5,Standard,2,42,Yes,3.5833333333333335,78.95418604651164,0.16666666666666666,1
C015,45,Female,Coimbatore,56,88.97,5368.28,Yearly,UPI,Fiber,5,0,9,Standard,4,12,No,4.666666666666667,95.86214285714286,0.0,0
C016,26,Female,Hyderabad,18,108.08,1813.27,Monthly,UPI,Fiber,8,0,4,Premium,4,10,Yes,1.5,100.73722222222221,0.0,1
C017,48,Male,Kochi,58,61.0,3812.72,Monthly,Debit Card,DSL,6,5,25,Standard,9,42,Yes,4.833333333333333,65.73655172413793,0.8333333333333334,1
C018,27,Male,Pune,14,80.02,1127.84,2-Year,Debit Card,Fiber,7,4,29,Basic,9,10,No,1.1666666666666667,80.55999999999999,0.5714285714285714,0
C019,50,Male,Hyderabad,5,89.15,426.86,Yearly,UPI,No Internet,0,4,4,Basic,7,42,Yes,0.4166666666666667,85.372,4.0,1
C020,51,Female,Pune,14,54.85,739.1,Yearly,Credit Card,No Internet,4,3,12,Premium,2,0,No,1.1666666666666667,52.792857142857144,0.75,0
C021,54,Male,Bengaluru,35,50.19,1878.42,Monthly,UPI,Fiber,4,1,16,Standard,9,45,No,2.9166666666666665,53.66914285714286,0.25,0
C022,69,Male,Pune,60,114.2,6451.07,Yearly,UPI,Fiber,8,1,10,Premium,5,38,No,5.0,107.51783333333333,0.125,0
C023,39,Male,Pune,33,111.01,3866.19,Monthly,UPI,No Internet,4,0,2,Standard,6,49,Yes,2.75,117.15727272727273,0.0,1
C024,34,Male,Coimbatore,36,78.29,2643.41,Yearly,Credit Card,No Internet,5,4,19,Basic,3,27,No,3.0,73.42805555555555,0.8,0
C025,37,Female,Chennai,58,89.8,5347.51,Monthly,Debit Card,No Internet,2,1,29,Standard,3,51,Yes,4.833333333333333,92.19844827586208,0.5,1
C026,44,Male,Hyderabad,48,99.33,4700.49,2-Year,Credit Card,DSL,1,3,29,Basic,1,54,No,4.0,97.926875,3.0,0
C027,30,Female,Delhi,20,107.78,2060.04,Yearly,Credit Card,DSL,4,0,26,Standard,5,22,No,1.6666666666666667,103.002,0.0,0
C028,43,Female,Chennai,8,49.82,403.7,2-Year,Debit Card,Fiber,6,2,25,Basic,6,27,No,0.6666666666666666,50.4625,0.3333333333333333,0
C029,50,Male,Kochi,58,49.2,2948.93,Yearly,UPI,No Internet,3,2,15,Premium,2,60,No,4.833333333333333,50.84362068965517,0.6666666666666666,0
C030,39,Female,Bengaluru,47,73.18,3531.3,2-Year,Debit Card,DSL,4,4,6,Premium,4,26,No,3.9166666666666665,75.13404255319149,1.0,0
C031,42,Male,Pune,26,25.04,628.84,Monthly,Bank Transfer,No Internet,5,3,16,Premium,8,43,Yes,2.1666666666666665,24.186153846153847,0.6,1
C032,48,Male,Bengaluru,19,85.13,1574.82,Monthly,Credit Card,No Internet,3,1,6,Standard,1,2,Yes,1.5833333333333333,82.88526315789473,0.3333333333333333,1
C033,48,Male,Coimbatore,27,79.69,2226.8,2-Year,Bank Transfer,DSL,3,1,22,Standard,1,57,No,2.25,82.47407407407408,0.3333333333333333,0
C034,67,Male,Kochi,15,116.01,1745.15,Monthly,UPI,No Internet,1,3,6,Basic,8,42,Yes,1.25,116.34333333333333,3.0,1
C035,53,Female,Coimbatore,40,109.74,4338.15,Yearly,Bank Transfer,Fiber,7,3,10,Premium,4,53,Yes,3.3333333333333335,108.45374999999999,0.42857142857142855,1
C036,67,Female,Mumbai,18,92.79,1599.27,Monthly,Debit Card,DSL,1,1,6,Premium,4,24,Yes,1.5,88.84833333333333,1.0,1
C037,63,Male,Bengaluru,27,76.55,2039.0,Monthly,Credit Card,DSL,0,4,14,Standard,8,0,Yes,2.25,75.51851851851852,4.0,1
C038,37,Female,Kochi,35,76.88,2735.25,Yearly,Credit Card,DSL,4,3,17,Basic,1,24,No,2.9166666666666665,78.15,0.75,0
C039,61,Female,Hyderabad,54,37.12,2043.69,Monthly,UPI,DSL,0,0,22,Premium,7,8,No,4.5,37.846111111111114,0.0,0
C040,29,Male,Pune,25,68.2,1660.67,Monthly,Bank Transfer,DSL,4,0,17,Standard,1,47,Yes,2.0833333333333335,66.4268,0.0,1
C041,40,Male,Bengaluru,50,28.82,1332.87,2-Year,Credit Card,Fiber,2,1,6,Basic,8,42,No,4.166666666666667,26.6574,0.5,0
C042,31,Female,Pune,50,82.56,4434.29,Monthly,UPI,Fiber,1,4,2,Standard,5,36,Yes,4.166666666666667,88.6858,4.0,1
C043,42,Female,Mumbai,5,103.9,498.13,Yearly,Debit Card,No Internet,1,4,27,Premium,1,22,Yes,0.4166666666666667,99.626,4.0,1
C044,60,Female,Bengaluru,33,26.2,853.54,Yearly,Bank Transfer,Fiber,5,5,30,Standard,8,45,No,2.75,25.864848484848483,1.0,0
C045,29,Female,Coimbatore,30,94.45,2728.5,Monthly,Credit Card,Fiber,7,1,26,Standard,8,36,Yes,2.5,90.95,0.14285714285714285,1
C046,42,Female,Chennai,32,42.27,1290.34,2-Year,Debit Card,DSL,4,4,2,Standard,9,60,No,2.6666666666666665,40.323125,1.0,0
C047,33,Female,Coimbatore,36,90.61,3338.11,Yearly,Bank Transfer,DSL,1,2,9,Basic,7,44,No,3.0,92.72527777777778,2.0,0
C048,60,Female,Coimbatore,36,65.42,2447.79,Monthly,Debit Card,DSL,7,2,11,Premium,5,14,No,3.0,67.99416666666667,0.2857142857142857,0
C049,30,Female,Bengaluru,48,97.41,4440.14,Monthly,Credit Card,No Internet,4,5,20,Standard,9,38,Yes,4.0,92.50291666666668,1.25,1
C050,24,Male,Pune,15,53.72,832.62,Monthly,Credit Card,DSL,0,4,11,Basic,3,40,Yes,1.25,55.508,4.0,1
C051,49,Male,Chennai,37,70.48,2541.3,Monthly,UPI,DSL,1,0,14,Standard,8,4,No,3.0833333333333335,68.6837837837838,0.0,0
C052,61,Male,Hyderabad,10,115.17,1075.26,Yearly,Credit Card,Fiber,6,4,21,Premium,10,14,Yes,0.8333333333333334,107.526,0.6666666666666666,1
C053,42,Female,Coimbatore,20,119.05,2306.86,2-Year,UPI,No Internet,1,1,22,Premium,4,16,No,1.6666666666666667,115.343,1.0,0
C054,28,Male,Hyderabad,36,25.25,901.8,Monthly,Bank Transfer,DSL,3,2,24,Basic,5,44,Yes,3.0,25.049999999999997,0.6666666666666666,1
C055,22,Male,Pune,51,81.03,4333.47,Yearly,Credit Card,DSL,8,1,22,Basic,3,58,Yes,4.25,84.97,0.125,1
C056,27,Male,Chennai,11,81.53,943.36,Yearly,Debit Card,DSL,7,5,11,Basic,7,60,Yes,0.9166666666666666,85.76,0.7142857142857143,1
C057,52,Female,Coimbatore,6,109.5,681.65,Yearly,Debit Card,Fiber,3,5,28,Basic,10,37,Yes,0.5,113.60833333333333,1.6666666666666667,1
C058,66,Female,Chennai,49,69.7,3498.09,Yearly,Debit Card,Fiber,6,5,28,Premium,8,5,No,4.083333333333333,71.3895918367347,0.8333333333333334,0
C059,44,Female,Delhi,43,40.28,1707.55,Monthly,Bank Transfer,DSL,6,4,3,Premium,8,5,Yes,3.5833333333333335,39.71046511627907,0.6666666666666666,1
C060,38,Male,Kochi,56,118.87,6824.64,Monthly,Bank Transfer,DSL,3,4,13,Basic,10,48,Yes,4.666666666666667,121.86857142857143,1.3333333333333333,1
C061,46,Male,Mumbai,18,113.13,2016.18,Monthly,Bank Transfer,Fiber,3,5,7,Basic,5,35,Yes,1.5,112.01,1.6666666666666667,1
C062,44,Male,Mumbai,54,68.84,3489.84,2-Year,Credit Card,DSL,4,4,24,Premium,5,26,No,4.5,64.62666666666667,1.0,0
C063,48,Male,Coimbatore,36,43.11,1576.64,Monthly,Credit Card,Fiber,6,2,27,Standard,9,17,Yes,3.0,43.79555555555556,0.3333333333333333,1
C064,36,Female,Coimbatore,56,76.17,4159.82,Monthly,Bank Transfer,DSL,3,5,9,Standard,10,24,No,4.666666666666667,74.2825,1.6666666666666667,0
C065,67,Female,Chennai,21,92.0,2028.26,Yearly,Bank Transfer,No Internet,2,3,3,Premium,3,32,Yes,1.75,96.58380952380952,1.5,1
C066,39,Male,Coimbatore,7,68.41,495.91,Monthly,Bank Transfer,No Internet,1,3,27,Basic,5,21,Yes,0.5833333333333334,70.84428571428572,3.0,1
C067,43,Male,Delhi,55,75.69,4465.44,Yearly,Bank Transfer,No Internet,1,1,22,Basic,5,14,No,4.583333333333333,81.18981818181817,1.0,0
C068,45,Male,Bengaluru,29,53.45,1433.23,Monthly,Debit Card,Fiber,5,2,15,Standard,3,15,Yes,2.4166666666666665,49.42172413793104,0.4,1
C069,54,Male,Hyderabad,12,107.73,1317.52,Monthly,Credit Card,DSL,2,1,16,Premium,5,29,No,1.0,109.79333333333334,0.5,0
C070,18,Female,Pune,44,32.02,1509.25,Monthly,Debit Card,No Internet,4,3,29,Standard,5,12,Yes,3.6666666666666665,34.30113636363637,0.75,1
C071,48,Male,Mumbai,25,79.61,2147.14,Yearly,Debit Card,Fiber,6,2,2,Premium,10,55,No,2.0833333333333335,85.8856,0.3333333333333333,0
C072,65,Male,Coimbatore,54,52.19,2953.02,2-Year,Debit Card,Fiber,3,4,10,Premium,3,40,No,4.5,54.68555555555555,1.3333333333333333,0
C073,58,Male,Pune,51,80.06,4234.86,Monthly,UPI,DSL,6,1,8,Standard,3,50,Yes,4.25,83.03647058823529,0.16666666666666666,1
C074,41,Female,Hyderabad,17,114.7,2095.72,2-Year,Debit Card,No Internet,1,3,4,Standard,3,48,Yes,1.4166666666666667,123.27764705882352,3.0,1
C075,61,Female,Delhi,6,26.32,158.84,Yearly,Bank Transfer,DSL,4,4,14,Premium,6,6,Yes,0.5,26.473333333333333,1.0,1
C076,48,Male,Delhi,59,86.53,5215.87,Yearly,Bank Transfer,No Internet,6,0,6,Standard,1,60,No,4.916666666666667,88.40457627118644,0.0,0
C077,49,Male,Bengaluru,16,37.89,601.74,2-Year,Bank Transfer,No Internet,2,3,22,Premium,2,53,No,1.3333333333333333,37.60875,1.5,0
C078,44,Female,Chennai,45,67.12,3238.14,Monthly,Debit Card,Fiber,5,4,30,Premium,6,3,Yes,3.75,71.95866666666666,0.8,1
C079,30,Male,Coimbatore,6,85.96,523.78,Yearly,UPI,Fiber,3,1,27,Standard,10,13,No,0.5,87.29666666666667,0.3333333333333333,0
C080,66,Male,Mumbai,53,56.21,2811.13,2-Year,UPI,DSL,2,4,10,Basic,3,7,No,4.416666666666667,53.04018867924528,2.0,0
C081,19,Male,Chennai,23,47.6,1063.93,Yearly,Credit Card,DSL,2,5,15,Basic,9,7,No,1.9166666666666667,46.25782608695653,2.5,0
C082,48,Female,Delhi,33,67.94,2142.13,Yearly,UPI,No Internet,8,2,16,Premium,1,3,Yes,2.75,64.91303030303031,0.25,1
C083,43,Female,Bengaluru,32,67.14,2285.73,Yearly,Debit Card,No Internet,1,1,10,Basic,10,40,No,2.6666666666666665,71.4290625,1.0,0
C084,63,Female,Kochi,39,68.1,2700.7,Monthly,UPI,No Internet,8,5,29,Basic,4,27,Yes,3.25,69.24871794871794,0.625,1
C085,32,Female,Delhi,53,64.52,3198.02,Monthly,Bank Transfer,DSL,4,2,6,Premium,8,4,No,4.416666666666667,60.339999999999996,0.5,0
C086,23,Male,Kochi,7,60.4,397.78,Yearly,UPI,No Internet,8,2,23,Premium,2,26,Yes,0.5833333333333334,56.825714285714284,0.25,1
C087,60,Female,Chennai,19,58.41,1123.63,Yearly,Credit Card,Fiber,7,1,29,Premium,2,22,Yes,1.5833333333333333,59.138421052631585,0.14285714285714285,1
C088,41,Male,Pune,37,65.77,2457.23,Monthly,UPI,No Internet,4,0,7,Premium,5,44,Yes,3.0833333333333335,66.41162162162162,0.0,1
C089,39,Female,Chennai,12,78.8,930.59,2-Year,Credit Card,No Internet,0,0,25,Premium,9,13,No,1.0,77.54916666666666,0.0,0
C090,47,Female,Hyderabad,24,55.82,1434.3,Monthly,UPI,Fiber,2,4,3,Basic,2,17,Yes,2.0,59.762499999999996,2.0,1
C091,45,Female,Coimbatore,27,96.72,2450.08,Monthly,Bank Transfer,Fiber,7,4,23,Standard,5,2,Yes,2.25,90.7437037037037,0.5714285714285714,1
C092,56,Male,Chennai,14,45.07,594.36,Monthly,Debit Card,DSL,1,0,17,Standard,7,11,No,1.1666666666666667,42.45428571428572,0.0,0
C093,52,Male,Delhi,5,95.49,472.58,Monthly,Bank Transfer,Fiber,6,4,14,Standard,7,18,Yes,0.4166666666666667,94.51599999999999,0.6666666666666666,1
C094,19,Female,Hyderabad,52,68.71,3681.31,2-Year,Debit Card,Fiber,1,1,15,Standard,10,25,No,4.333333333333333,70.79442307692308,1.0,0
C095,43,Female,Delhi,15,40.97,615.58,Monthly,UPI,No Internet,3,2,13,Premium,3,15,No,1.25,41.03866666666667,0.6666666666666666,0
C096,34,Male,Hyderabad,39,97.12,3530.33,Monthly,Bank Transfer,DSL,7,5,30,Premium,10,41,Yes,3.25,90.52128205128204,0.7142857142857143,1
C097,57,Female,Delhi,10,69.55,710.12,Monthly,Debit Card,No Internet,5,4,4,Basic,5,29,Yes,0.8333333333333334,71.012,0.8,1
C098,21,Female,Pune,5,117.85,550.62,Yearly,Bank Transfer,DSL,8,5,30,Premium,1,28,Yes,0.4166666666666667,110.124,0.625,1
C099,54,Male,Delhi,39,39.33,1426.35,Monthly,UPI,DSL,1,4,22,Premium,3,2,Yes,3.25,36.57307692307692,4.0,1
C100,46,Female,Hyderabad,24,51.87,1226.71,Monthly,Debit Card,No Internet,0,5,22,Premium,6,4,Yes,2.0,51.11291666666667,5.0,1
C101,53,Female,Pune,17,87.37,1581.86,Yearly,Credit Card,DSL,2,2,11,Basic,7,8,No,1.4166666666666667,93.05058823529411,1.0,0
C102,23,Female,Kochi,42,102.25,4411.39,Yearly,UPI,No Internet,6,4,13,Premium,1,23,Yes,3.5,105.03309523809524,0.6666666666666666,1
C103,31,Female,Coimbatore,13,38.07,461.43,Monthly,UPI,No Internet,8,0,23,Premium,6,56,Yes,1.0833333333333333,35.494615384615386,0.0,1
C104,26,Female,Hyderabad,11,90.82,1018.96,Monthly,Credit Card,No Internet,0,3,13,Standard,4,28,Yes,0.9166666666666666,92.63272727272728,3.0,1
C105,66,Female,Mumbai,35,116.73,4271.44,Monthly,Credit Card,DSL,7,3,26,Premium,5,49,Yes,2.9166666666666665,122.04114285714284,0.42857142857142855,1
C106,51,Female,Hyderabad,53,82.44,4630.08,Monthly,UPI,No Internet,5,4,5,Standard,9,54,Yes,4.416666666666667,87.36,0.8,1
C107,23,Male,Pune,29,39.0,1119.69,2-Year,Credit Card,DSL,0,3,3,Standard,7,32,No,2.4166666666666665,38.61,3.0,0
C108,42,Male,Delhi,15,113.43,1793.78,Monthly,Debit Card,Fiber,0,2,28,Basic,8,44,Yes,1.25,119.58533333333334,2.0,1
C109,66,Female,Coimbatore,40,32.53,1250.39,Monthly,Credit Card,No Internet,8,3,5,Premium,5,15,Yes,3.3333333333333335,31.259750000000004,0.375,1
C110,21,Male,Kochi,41,68.43,2630.94,Yearly,Bank Transfer,No Internet,0,5,18,Premium,10,15,No,3.4166666666666665,64.16926829268293,5.0,0
C111,36,Female,Chennai,40,79.21,3009.89,Monthly,UPI,No Internet,1,4,19,Standard,9,50,Yes,3.3333333333333335,75.24725,4.0,1
C112,53,Male,Kochi,56,85.39,5149.88,Monthly,Debit Card,No Internet,5,0,13,Basic,4,46,Yes,4.666666666666667,91.96214285714287,0.0,1
C113,24,Female,Hyderabad,3,57.16,175.4,Monthly,Bank Transfer,No Internet,2,1,4,Standard,8,2,No,0.25,58.46666666666667,0.5,0
C114,20,Male,Chennai,21,73.96,1674.71,2-Year,Bank Transfer,DSL,3,2,13,Basic,1,55,No,1.75,79.74809523809525,0.6666666666666666,0
C115,35,Male,Delhi,28,95.61,2846.12,2-Year,Bank Transfer,DSL,7,5,17,Basic,6,59,Yes,2.3333333333333335,101.64714285714285,0.7142857142857143,1
C116,35,Male,Kochi,6,119.53,680.51,Monthly,Debit Card,DSL,1,2,23,Basic,5,19,Yes,0.5,113.41833333333334,2.0,1
C117,63,Female,Hyderabad,45,67.48,3146.8,Monthly,Debit Card,No Internet,4,5,27,Standard,1,4,Yes,3.75,69.92888888888889,1.25,1
C118,43,Female,Hyderabad,2,82.72,172.89,Monthly,UPI,Fiber,3,5,13,Basic,6,24,Yes,0.16666666666666666,86.445,1.6666666666666667,1
C119,20,Male,Coimbatore,24,97.49,2367.43,Monthly,Debit Card,DSL,4,1,5,Standard,1,47,Yes,2.0,98.64291666666666,0.25,1
C120,51,Female,Bengaluru,17,91.88,1490.63,Yearly,Debit Card,No Internet,3,0,6,Standard,2,28,No,1.4166666666666667,87.68411764705883,0.0,0
C121,63,Female,Bengaluru,52,105.32,5318.55,Yearly,Debit Card,No Internet,8,4,11,Basic,5,54,No,4.333333333333333,102.2798076923077,0.5,0
C122,63,Male,Delhi,33,118.59,4096.35,Monthly,Credit Card,DSL,5,4,20,Basic,6,29,Yes,2.75,124.13181818181819,0.8,1
C123,53,Male,Bengaluru,5,119.96,620.8,Monthly,Bank Transfer,DSL,1,1,12,Premium,2,28,Yes,0.4166666666666667,124.16,1.0,1
C124,51,Female,Hyderabad,57,77.37,4472.03,Yearly,Credit Card,DSL,0,0,18,Premium,3,19,No,4.75,78.45666666666666,0.0,0
C125,38,Male,Delhi,34,105.36,3439.3,2-Year,Debit Card,Fiber,4,4,19,Premium,2,32,Yes,2.8333333333333335,101.15588235294118,1.0,1
C126,55,Male,Hyderabad,43,110.69,4636.01,Yearly,UPI,Fiber,0,5,26,Basic,10,16,No,3.5833333333333335,107.81418604651164,5.0,0
C127,67,Female,Chennai,32,76.83,2514.38,2-Year,Debit Card,DSL,6,2,16,Basic,2,44,No,2.6666666666666665,78.574375,0.3333333333333333,0
C128,46,Female,Coimbatore,30,82.63,2404.57,Monthly,Debit Card,No Internet,6,1,26,Standard,6,32,Yes,2.5,80.15233333333335,0.16666666666666666,1
C129,38,Male,Coimbatore,8,48.55,363.34,Monthly,Debit Card,DSL,6,1,29,Premium,3,52,Yes,0.6666666666666666,45.4175,0.16666666666666666,1
C130,54,Female,Mumbai,49,119.62,5830.26,Monthly,Debit Card,DSL,1,3,18,Basic,8,15,Yes,4.083333333333333,118.98489795918368,3.0,1
C131,40,Male,Chennai,19,108.82,2118.61,Monthly,Bank Transfer,DSL,0,0,15,Premium,3,56,Yes,1.5833333333333333,111.50578947368422,0.0,1
C132,41,Female,Delhi,3,79.18,225.93,Monthly,Debit Card,Fiber,8,3,26,Standard,9,17,Yes,0.25,75.31,0.375,1
C133,57,Male,Hyderabad,7,100.52,685.52,Monthly,Debit Card,Fiber,8,3,18,Basic,1,2,Yes,0.5833333333333334,97.93142857142857,0.375,1
C134,63,Female,Coimbatore,34,82.59,2815.03,Monthly,Debit Card,No Internet,2,3,21,Standard,5,37,Yes,2.8333333333333335,82.795,1.5,1
C135,50,Female,Pune,31,59.99,1911.41,Yearly,Bank Transfer,No Internet,0,4,17,Standard,5,41,Yes,2.5833333333333335,61.6583870967742,4.0,1
C136,67,Male,Chennai,38,74.8,2942.99,Monthly,Bank Transfer,Fiber,3,0,20,Premium,2,12,No,3.1666666666666665,77.4471052631579,0.0,0
C137,38,Female,Hyderabad,27,63.99,1803.74,Yearly,Bank Transfer,No Internet,0,5,6,Premium,9,13,No,2.25,66.80518518518518,5.0,0
C138,60,Female,Kochi,21,68.67,1449.71,2-Year,Debit Card,No Internet,4,4,17,Premium,4,15,No,1.75,69.03380952380952,1.0,0
C139,37,Male,Pune,50,44.69,2307.79,Monthly,Debit Card,DSL,8,5,10,Standard,5,7,Yes,4.166666666666667,46.1558,0.625,1
C140,52,Female,Kochi,53,98.44,4922.21,Monthly,UPI,DSL,1,2,16,Premium,5,47,Yes,4.416666666666667,92.87188679245283,2.0,1
C141,30,Female,Pune,9,95.38,822.61,Monthly,UPI,No Internet,3,5,9,Premium,1,6,Yes,0.75,91.4011111111111,1.6666666666666667,1
C142,63,Female,Bengaluru,44,25.49,1130.6,Yearly,Credit Card,DSL,7,3,22,Premium,4,48,Yes,3.6666666666666665,25.69545454545454,0.42857142857142855,1
C143,38,Female,Chennai,59,86.97,4911.38,Yearly,UPI,Fiber,2,0,28,Standard,7,50,No,4.916666666666667,83.24372881355933,0.0,0
C144,65,Female,Chennai,1,82.26,87.9,Monthly,Debit Card,DSL,8,4,17,Standard,3,54,Yes,0.08333333333333333,87.9,0.5,1
C145,35,Male,Bengaluru,22,68.6,1450.59,Monthly,Credit Card,Fiber,5,2,20,Premium,4,11,Yes,1.8333333333333333,65.93590909090909,0.4,1
C146,58,Female,Kochi,33,63.08,1946.88,Monthly,Credit Card,DSL,3,0,10,Standard,7,15,No,2.75,58.99636363636364,0.0,0
C147,35,Female,Pune,38,26.09,1015.8,Yearly,Credit Card,Fiber,1,3,11,Premium,3,25,No,3.1666666666666665,26.73157894736842,3.0,0
C148,63,Female,Bengaluru,41,53.03,2214.11,2-Year,Credit Card,Fiber,2,3,25,Standard,10,23,No,3.4166666666666665,54.00268292682927,1.5,0
C149,53,Female,Mumbai,49,96.7,5021.18,Monthly,UPI,No Internet,8,5,13,Standard,2,58,Yes,4.083333333333333,102.4730612244898,0.625,1
C150,21,Male,Hyderabad,11,74.43,768.46,Monthly,Credit Card,No Internet,7,0,30,Premium,9,28,Yes,0.9166666666666666,69.86,0.0,1
C151,47,Male,Kochi,30,78.09,2407.46,Yearly,Debit Card,No Internet,6,2,28,Basic,1,47,No,2.5,80.24866666666667,0.3333333333333333,0
C152,22,Male,Kochi,23,76.41,1633.78,Yearly,UPI,DSL,4,3,7,Basic,3,49,Yes,1.9166666666666667,71.03391304347826,0.75,1
C153,64,Female,Delhi,58,107.61,6647.59,Monthly,Bank Transfer,Fiber,8,1,22,Premium,6,7,No,4.833333333333333,114.61362068965518,0.125,0
C154,52,Female,Hyderabad,47,104.31,5103.52,2-Year,Debit Card,DSL,8,3,19,Premium,7,52,No,3.9166666666666665,108.58553191489362,0.375,0
C155,47,Female,Hyderabad,18,108.14,2029.21,Monthly,UPI,No Internet,0,1,8,Standard,2,6,Yes,1.5,112.73388888888888,1.0,1
C156,46,Male,Mumbai,48,66.7,3221.97,Monthly,UPI,Fiber,4,1,28,Premium,10,20,No,4.0,67.124375,0.25,0
C157,67,Female,Mumbai,20,118.64,2380.87,2-Year,Bank Transfer,DSL,0,4,20,Standard,3,40,Yes,1.6666666666666667,119.0435,4.0,1
C158,53,Female,Chennai,23,88.78,2135.32,2-Year,Debit Card,No Internet,6,1,11,Standard,7,11,No,1.9166666666666667,92.84,0.16666666666666666,0
C159,48,Male,Mumbai,20,38.71,769.62,2-Year,UPI,No Internet,6,4,18,Standard,3,24,No,1.6666666666666667,38.481,0.6666666666666666,0
C160,31,Female,Bengaluru,60,60.25,3635.61,Monthly,Credit Card,Fiber,6,5,21,Standard,10,2,Yes,5.0,60.5935,0.8333333333333334,1
C161,30,Male,Coimbatore,14,56.63,850.79,2-Year,UPI,Fiber,1,5,26,Basic,8,58,No,1.1666666666666667,60.770714285714284,5.0,0
C162,56,Male,Kochi,59,55.55,3163.69,Monthly,Bank Transfer,No Internet,5,2,10,Premium,6,32,Yes,4.916666666666667,53.621864406779665,0.4,1
C163,47,Male,Coimbatore,49,111.86,5367.75,Yearly,Bank Transfer,Fiber,3,5,6,Premium,1,16,Yes,4.083333333333333,109.54591836734694,1.6666666666666667,1
C164,55,Female,Pune,10,46.85,473.73,Monthly,Credit Card,DSL,5,2,26,Premium,8,46,Yes,0.8333333333333334,47.373000000000005,0.4,1
C165,49,Female,Hyderabad,47,41.08,1998.82,Yearly,Bank Transfer,Fiber,0,4,3,Premium,2,60,Yes,3.9166666666666665,42.528085106382974,4.0,1
C166,21,Male,Kochi,9,46.99,436.93,Yearly,UPI,Fiber,7,2,3,Premium,10,40,Yes,0.75,48.54777777777778,0.2857142857142857,1
C167,57,Female,Coimbatore,2,77.41,142.73,Monthly,Debit Card,No Internet,0,4,28,Standard,7,51,Yes,0.16666666666666666,71.365,4.0,1
C168,29,Male,Bengaluru,34,43.23,1476.04,Monthly,Debit Card,DSL,1,2,14,Standard,8,36,No,2.8333333333333335,43.41294117647059,2.0,0
C169,62,Male,Pune,44,32.66,1550.09,Yearly,UPI,Fiber,6,3,19,Standard,8,3,No,3.6666666666666665,35.22931818181818,0.5,0
C170,62,Male,Bengaluru,32,86.27,2686.11,Yearly,UPI,No Internet,3,1,30,Basic,10,30,No,2.6666666666666665,83.9409375,0.3333333333333333,0
C171,22,Female,Chennai,12,54.88,707.18,2-Year,Credit Card,No Internet,1,2,7,Standard,10,15,No,1.0,58.931666666666665,2.0,0
C172,42,Female,Kochi,49,100.1,5053.47,Yearly,UPI,No Internet,5,0,5,Premium,7,14,No,4.083333333333333,103.13204081632654,0.0,0
C173,39,Female,Delhi,2,99.44,197.31,Yearly,Credit Card,DSL,6,3,7,Premium,10,42,Yes,0.16666666666666666,98.655,0.5,1
C174,67,Female,Mumbai,46,50.46,2276.59,Monthly,Credit Card,No Internet,5,2,5,Standard,2,0,Yes,3.8333333333333335,49.49108695652174,0.4,1
C175,46,Female,Pune,7,42.8,297.15,Monthly,Bank Transfer,Fiber,1,2,19,Basic,2,38,Yes,0.5833333333333334,42.449999999999996,2.0,1
C176,38,Female,Chennai,19,99.02,1949.06,Monthly,Credit Card,No Internet,2,5,14,Premium,3,8,Yes,1.5833333333333333,102.58210526315789,2.5,1
C177,35,Female,Hyderabad,5,51.22,247.89,Monthly,UPI,DSL,3,5,22,Standard,8,38,Yes,0.4166666666666667,49.577999999999996,1.6666666666666667,1
C178,47,Male,Hyderabad,20,62.59,1320.22,Monthly,Bank Transfer,DSL,5,3,28,Standard,10,8,Yes,1.6666666666666667,66.011,0.6,1
C179,56,Male,Coimbatore,21,62.83,1281.25,Monthly,Bank Transfer,No Internet,5,3,10,Basic,7,23,Yes,1.75,61.01190476190476,0.6,1
C180,54,Male,Hyderabad,44,27.56,1256.72,Yearly,Credit Card,DSL,1,3,23,Standard,8,8,No,3.6666666666666665,28.561818181818182,3.0,0
C181,33,Female,Hyderabad,46,60.81,2774.46,Monthly,Bank Transfer,No Internet,8,4,29,Standard,7,34,Yes,3.8333333333333335,60.31434782608696,0.5,1
C182,41,Male,Bengaluru,50,88.15,4172.2,Monthly,UPI,No Internet,6,2,27,Premium,7,6,No,4.166666666666667,83.444,0.3333333333333333,0
C183,34,Male,Mumbai,29,68.99,2058.19,Monthly,Credit Card,DSL,7,0,11,Basic,7,58,Yes,2.4166666666666665,70.97206896551724,0.0,1
C184,25,Male,Delhi,20,99.51,1996.92,Monthly,Debit Card,DSL,7,5,24,Basic,8,20,Yes,1.6666666666666667,99.846,0.7142857142857143,1
C185,20,Male,Chennai,55,35.39,2039.9,Monthly,Credit Card,No Internet,8,1,12,Basic,9,27,Yes,4.583333333333333,37.08909090909091,0.125,1
C186,32,Female,Hyderabad,12,66.05,732.89,Yearly,Credit Card,DSL,6,3,2,Premium,4,13,Yes,1.0,61.07416666666666,0.5,1
C187,63,Male,Bengaluru,52,42.76,2161.61,2-Year,Bank Transfer,Fiber,7,4,22,Standard,6,38,No,4.333333333333333,41.56942307692308,0.5714285714285714,0
C188,43,Male,Delhi,23,83.65,2020.53,Yearly,Debit Card,No Internet,1,5,6,Premium,6,7,No,1.9166666666666667,87.84913043478261,5.0,0
C189,25,Male,Delhi,45,61.9,2828.48,Monthly,Bank Transfer,DSL,7,5,19,Basic,3,35,Yes,3.75,62.855111111111114,0.7142857142857143,1
C190,36,Male,Hyderabad,21,83.84,1863.61,Yearly,UPI,DSL,3,3,19,Basic,9,41,Yes,1.75,88.74333333333333,1.0,1
C191,61,Female,Kochi,46,71.43,3066.38,Yearly,UPI,Fiber,0,2,9,Standard,9,18,No,3.8333333333333335,66.6604347826087,2.0,0
C192,47,Female,Bengaluru,37,98.64,3838.46,Monthly,Debit Card,No Internet,7,4,8,Basic,7,6,Yes,3.0833333333333335,103.74216216216216,0.5714285714285714,1
C193,59,Male,Pune,56,67.72,3700.44,2-Year,UPI,DSL,3,1,27,Basic,10,44,No,4.666666666666667,66.07928571428572,0.3333333333333333,0
C194,63,Female,Hyderabad,40,44.63,1701.49,Monthly,UPI,No Internet,8,2,21,Standard,9,10,No,3.3333333333333335,42.53725,0.25,0
C195,63,Female,Pune,37,106.51,4246.99,Monthly,UPI,Fiber,0,2,29,Standard,3,44,Yes,3.0833333333333335,114.78351351351351,2.0,1
C196,33,Male,Delhi,54,105.14,5580.09,Monthly,Credit Card,No Internet,4,5,15,Premium,7,28,No,4.5,103.33500000000001,1.25,0
C197,68,Male,Kochi,33,91.0,3184.29,Yearly,Bank Transfer,DSL,0,5,4,Standard,8,40,Yes,2.75,96.49363636363637,5.0,1
C198,40,Male,Kochi,14,103.36,1445.82,2-Year,Debit Card,DSL,8,4,6,Standard,10,54,Yes,1.1666666666666667,103.27285714285713,0.5,1
C199,39,Male,Chennai,7,104.49,674.82,Yearly,Credit Card,DSL,0,3,8,Standard,3,56,Yes,0.5833333333333334,96.40285714285714,3.0,1
C200,28,Female,Bengaluru,42,32.83,1415.15,Monthly,Credit Card,Fiber,4,5,24,Standard,4,27,Yes,3.5,33.69404761904762,1.25,1
C201,63,Male,Chennai,14,37.61,503.47,Monthly,Bank Transfer,Fiber,5,0,29,Basic,7,44,Yes,1.1666666666666667,35.96214285714286,0.0,1
C202,22,Male,Kochi,6,34.73,202.16,Yearly,Debit Card,Fiber,2,5,23,Standard,3,4,Yes,0.5,33.693333333333335,2.5,1
C203,18,Male,Coimbatore,23,84.67,1838.78,Yearly,Bank Transfer,No Internet,7,1,4,Premium,2,8,Yes,1.9166666666666667,79.94695652173912,0.14285714285714285,1
C204,55,Female,Delhi,28,38.28,1033.59,Monthly,UPI,Fiber,4,5,2,Premium,5,13,Yes,2.3333333333333335,36.91392857142857,1.25,1
C205,50,Male,Kochi,19,99.46,1978.57,Yearly,Credit Card,DSL,1,1,17,Standard,10,4,No,1.5833333333333333,104.13526315789473,1.0,0
C206,18,Female,Delhi,9,104.7,930.37,Monthly,Credit Card,DSL,0,4,4,Basic,1,16,Yes,0.75,103.37444444444445,4.0,1
C207,21,Female,Pune,41,97.88,3964.01,Yearly,Bank Transfer,Fiber,8,4,21,Premium,3,17,Yes,3.4166666666666665,96.68317073170732,0.5,1
C208,23,Male,Hyderabad,35,80.71,2943.82,Monthly,UPI,DSL,6,5,29,Premium,4,3,Yes,2.9166666666666665,84.10914285714286,0.8333333333333334,1
C209,45,Male,Coimbatore,40,54.38,2259.32,Yearly,Credit Card,Fiber,2,5,2,Basic,3,31,Yes,3.3333333333333335,56.483000000000004,2.5,1
C210,51,Female,Hyderabad,24,99.21,2292.95,Monthly,UPI,Fiber,6,2,18,Standard,2,16,Yes,2.0,95.53958333333333,0.3333333333333333,1
C211,54,Male,Coimbatore,30,30.27,960.31,Monthly,Credit Card,DSL,4,0,30,Basic,10,43,Yes,2.5,32.01033333333333,0.0,1
C212,32,Male,Chennai,55,48.23,2640.67,2-Year,Bank Transfer,Fiber,0,4,27,Basic,7,14,No,4.583333333333333,48.01218181818182,4.0,0
C213,44,Female,Pune,53,60.42,3203.31,Monthly,UPI,Fiber,8,0,14,Basic,2,56,Yes,4.416666666666667,60.439811320754714,0.0,1
C214,36,Female,Delhi,6,25.76,147.16,Yearly,Debit Card,No Internet,3,3,13,Premium,10,31,Yes,0.5,24.526666666666667,1.0,1
C215,67,Male,Mumbai,10,63.95,612.18,Monthly,Debit Card,No Internet,0,2,2,Premium,7,54,Yes,0.8333333333333334,61.217999999999996,2.0,1
C216,37,Male,Mumbai,34,64.88,2368.69,2-Year,Credit Card,No Internet,1,0,9,Standard,9,26,No,2.8333333333333335,69.66735294117647,0.0,0
C217,41,Female,Bengaluru,38,37.68,1505.14,Monthly,UPI,No Internet,0,3,23,Premium,3,15,Yes,3.1666666666666665,39.608947368421056,3.0,1
C218,38,Female,Delhi,21,47.19,1061.32,Monthly,Credit Card,No Internet,2,0,7,Basic,8,29,No,1.75,50.539047619047615,0.0,0
C219,25,Female,Mumbai,29,50.18,1366.72,Monthly,Credit Card,No Internet,0,1,28,Standard,6,9,No,2.4166666666666665,47.12827586206897,1.0,0
C220,33,Female,Kochi,33,53.39,1852.1,Monthly,Credit Card,Fiber,7,4,25,Standard,9,15,Yes,2.75,56.124242424242425,0.5714285714285714,1
C221,24,Male,Bengaluru,1,99.19,94.78,Monthly,Credit Card,DSL,1,4,20,Standard,5,58,Yes,0.08333333333333333,94.78,4.0,1
C222,19,Male,Mumbai,58,101.88,5523.28,Yearly,Debit Card,Fiber,7,0,7,Basic,10,27,No,4.833333333333333,95.22896551724138,0.0,0
C223,43,Female,Chennai,25,41.42,988.23,Yearly,Credit Card,DSL,7,1,3,Standard,10,39,No,2.0833333333333335,39.5292,0.14285714285714285,0
C224,59,Female,Coimbatore,27,70.51,1778.19,2-Year,Bank Transfer,Fiber,3,5,30,Standard,9,15,No,2.25,65.85888888888888,1.6666666666666667,0
C225,69,Male,Kochi,51,70.57,3761.13,Yearly,Debit Card,No Internet,5,3,10,Premium,3,1,No,4.25,73.74764705882353,0.6,0
C226,32,Male,Pune,4,69.81,272.87,Yearly,Credit Card,Fiber,3,5,9,Basic,5,34,Yes,0.3333333333333333,68.2175,1.6666666666666667,1
C227,65,Male,Mumbai,37,100.75,3641.15,Yearly,Credit Card,Fiber,5,5,24,Basic,6,58,Yes,3.0833333333333335,98.40945945945946,1.0,1
C228,63,Female,Hyderabad,37,104.49,4058.14,2-Year,Bank Transfer,No Internet,2,3,3,Standard,2,3,No,3.0833333333333335,109.67945945945945,1.5,0
C229,32,Male,Coimbatore,1,83.34,87.43,Monthly,Debit Card,No Internet,5,0,2,Basic,3,37,Yes,0.08333333333333333,87.43,0.0,1
C230,27,Male,Delhi,5,114.48,562.84,Monthly,UPI,DSL,5,1,7,Standard,7,50,Yes,0.4166666666666667,112.56800000000001,0.2,1
C231,49,Female,Hyderabad,46,90.89,4467.82,2-Year,Debit Card,Fiber,2,3,11,Premium,5,8,No,3.8333333333333335,97.12652173913042,1.5,0
C232,18,Female,Chennai,12,112.5,1450.99,Yearly,Credit Card,No Internet,1,3,6,Premium,6,47,No,1.0,120.91583333333334,3.0,0
C233,40,Female,Hyderabad,41,33.43,1416.46,2-Year,Debit Card,DSL,4,1,9,Basic,2,22,No,3.4166666666666665,34.54780487804878,0.25,0
C234,24,Male,Chennai,25,64.87,1535.17,Monthly,Bank Transfer,DSL,5,4,14,Standard,2,53,Yes,2.0833333333333335,61.406800000000004,0.8,1
C235,54,Male,Hyderabad,29,105.35,2954.9,Monthly,Debit Card,DSL,1,2,7,Basic,7,10,Yes,2.4166666666666665,101.89310344827587,2.0,1
C236,53,Male,Delhi,39,109.86,4424.73,2-Year,Bank Transfer,No Internet,6,1,3,Basic,2,21,No,3.25,113.45461538461538,0.16666666666666666,0
C237,30,Female,Pune,43,47.57,1898.11,Monthly,Bank Transfer,Fiber,5,0,15,Basic,2,18,Yes,3.5833333333333335,44.14209302325581,0.0,1
C238,58,Female,Mumbai,7,41.23,279.0,Monthly,UPI,DSL,4,3,17,Basic,8,57,Yes,0.5833333333333334,39.857142857142854,0.75,1
C239,23,Female,Hyderabad,24,60.09,1429.65,2-Year,Debit Card,DSL,4,1,28,Standard,5,36,No,2.0,59.56875,0.25,0
C240,66,Male,Bengaluru,43,76.44,3534.47,Monthly,Credit Card,No Internet,6,4,15,Basic,9,43,Yes,3.5833333333333335,82.19697674418605,0.6666666666666666,1
C241,48,Male,Coimbatore,20,110.76,2291.16,Monthly,Credit Card,Fiber,2,1,8,Standard,4,8,Yes,1.6666666666666667,114.55799999999999,0.5,1
C242,23,Female,Mumbai,53,104.24,5310.7,Yearly,UPI,Fiber,8,3,19,Standard,6,54,Yes,4.416666666666667,100.20188679245283,0.375,1
C243,47,Male,Kochi,8,39.08,317.04,Monthly,UPI,Fiber,1,2,29,Premium,9,56,Yes,0.6666666666666666,39.63,2.0,1
C244,44,Female,Kochi,42,82.85,3222.18,Monthly,Debit Card,DSL,6,0,14,Basic,6,44,Yes,3.5,76.71857142857142,0.0,1
C245,65,Female,Pune,58,57.1,3467.4,Monthly,Debit Card,DSL,1,1,6,Standard,5,47,No,4.833333333333333,59.782758620689656,1.0,0
C246,70,Female,Pune,47,86.33,3854.92,Monthly,Credit Card,DSL,7,4,29,Premium,6,52,Yes,3.9166666666666665,82.01957446808511,0.5714285714285714,1
C247,68,Male,Bengaluru,20,63.32,1323.24,Yearly,UPI,Fiber,3,0,9,Basic,1,29,No,1.6666666666666667,66.162,0.0,0
C248,41,Male,Pune,24,72.99,1789.71,Yearly,UPI,No Internet,3,2,17,Basic,10,28,No,2.0,74.57125,0.6666666666666666,0
C249,48,Female,Delhi,11,49.57,574.14,Yearly,UPI,DSL,6,0,7,Basic,10,49,Yes,0.9166666666666666,52.194545454545455,0.0,1
C250,32,Male,Mumbai,18,73.76,1405.14,Yearly,UPI,DSL,2,4,27,Basic,1,14,No,1.5,78.06333333333333,2.0,0
C251,69,Female,Pune,28,105.9,2945.75,2-Year,Credit Card,DSL,8,4,14,Standard,10,6,No,2.3333333333333335,105.20535714285714,0.5,0
C252,60,Female,Pune,20,70.77,1378.32,Yearly,Debit Card,No Internet,4,2,22,Standard,5,12,No,1.6666666666666667,68.916,0.5,0
C253,66,Male,Chennai,52,101.95,5220.05,2-Year,Debit Card,No Internet,0,5,17,Basic,5,16,No,4.333333333333333,100.38557692307693,5.0,0
C254,43,Female,Chennai,38,79.34,2865.34,Yearly,Credit Card,No Internet,7,5,13,Premium,9,19,Yes,3.1666666666666665,75.40368421052632,0.7142857142857143,1
C255,60,Male,Pune,7,95.39,691.79,Monthly,Credit Card,No Internet,1,1,13,Standard,4,47,Yes,0.5833333333333334,98.82714285714285,1.0,1
C256,44,Female,Delhi,17,69.06,1102.22,Yearly,UPI,No Internet,1,3,30,Premium,4,32,No,1.4166666666666667,64.8364705882353,3.0,0
C257,61,Female,Pune,27,106.15,2699.76,Monthly,Credit Card,DSL,7,1,12,Standard,3,49,Yes,2.25,99.99111111111112,0.14285714285714285,1
C258,39,Male,Delhi,41,67.95,2656.41,Monthly,Credit Card,No Internet,7,0,6,Basic,10,27,Yes,3.4166666666666665,64.79048780487804,0.0,1
C259,43,Female,Coimbatore,25,75.71,1962.6,Monthly,UPI,DSL,3,0,23,Premium,1,40,Yes,2.0833333333333335,78.50399999999999,0.0,1
C260,32,Female,Pune,9,72.82,635.05,Monthly,UPI,Fiber,4,3,25,Standard,9,38,Yes,0.75,70.5611111111111,0.75,1
C261,45,Male,Delhi,58,96.26,5283.72,Monthly,Bank Transfer,Fiber,3,5,6,Basic,4,46,Yes,4.833333333333333,91.09862068965518,1.6666666666666667,1
C262,50,Male,Bengaluru,24,100.25,2357.95,Yearly,Debit Card,No Internet,0,4,3,Premium,2,41,Yes,2.0,98.24791666666665,4.0,1
C263,21,Male,Kochi,29,76.99,2223.56,Monthly,Credit Card,Fiber,0,2,15,Premium,2,42,Yes,2.4166666666666665,76.67448275862068,2.0,1
C264,57,Male,Kochi,54,73.6,4049.24,2-Year,Debit Card,Fiber,7,1,21,Basic,4,49,No,4.5,74.98592592592593,0.14285714285714285,0
C265,51,Male,Delhi,46,40.24,1865.3,Monthly,Credit Card,No Internet,5,1,2,Standard,1,42,Yes,3.8333333333333335,40.55,0.2,1
C266,25,Female,Hyderabad,6,32.13,199.68,Yearly,Debit Card,No Internet,7,2,10,Basic,8,3,No,0.5,33.28,0.2857142857142857,0
C267,29,Male,Pune,24,54.71,1363.15,Yearly,UPI,Fiber,2,5,22,Basic,3,21,No,2.0,56.79791666666667,2.5,0
C268,46,Female,Bengaluru,24,42.37,1000.74,Yearly,Bank Transfer,DSL,7,3,22,Standard,3,7,Yes,2.0,41.6975,0.42857142857142855,1
C269,64,Male,Hyderabad,7,81.12,595.3,Monthly,Bank Transfer,Fiber,6,2,21,Premium,1,55,Yes,0.5833333333333334,85.04285714285713,0.3333333333333333,1
C270,64,Male,Coimbatore,59,109.32,6388.67,Monthly,UPI,DSL,5,0,24,Premium,9,49,Yes,4.916666666666667,108.28254237288135,0.0,1
C271,64,Male,Delhi,34,91.56,2911.44,Monthly,Credit Card,DSL,6,1,28,Standard,9,57,Yes,2.8333333333333335,85.63058823529411,0.16666666666666666,1
C272,21,Male,Hyderabad,33,105.93,3702.31,Yearly,UPI,DSL,3,2,10,Standard,1,32,No,2.75,112.19121212121212,0.6666666666666666,0
C273,59,Female,Kochi,53,68.61,3811.61,Monthly,Bank Transfer,Fiber,7,2,5,Standard,8,47,Yes,4.416666666666667,71.91716981132076,0.2857142857142857,1
C274,24,Female,Kochi,3,25.02,70.15,Yearly,Debit Card,No Internet,3,5,23,Premium,8,60,Yes,0.25,23.383333333333336,1.6666666666666667,1
C275,70,Male,Mumbai,55,78.21,4383.97,Monthly,Bank Transfer,No Internet,5,5,16,Premium,2,6,Yes,4.583333333333333,79.70854545454546,1.0,1
C276,32,Male,Delhi,23,116.62,2592.99,Yearly,Debit Card,No Internet,0,1,17,Basic,3,52,Yes,1.9166666666666667,112.7386956521739,1.0,1
C277,64,Female,Bengaluru,17,42.82,778.05,Yearly,Bank Transfer,Fiber,3,5,12,Standard,2,48,Yes,1.4166666666666667,45.76764705882353,1.6666666666666667,1
C278,58,Male,Coimbatore,30,115.84,3272.05,Yearly,Bank Transfer,Fiber,0,4,15,Premium,10,30,Yes,2.5,109.06833333333334,4.0,1
C279,67,Male,Hyderabad,47,34.84,1678.75,Yearly,Debit Card,No Internet,6,4,24,Standard,4,17,Yes,3.9166666666666665,35.71808510638298,0.6666666666666666,1
C280,39,Female,Coimbatore,52,64.21,3445.77,Monthly,Debit Card,No Internet,5,5,25,Premium,9,40,Yes,4.333333333333333,66.2648076923077,1.0,1
C281,31,Female,Delhi,59,118.23,7143.08,Yearly,Credit Card,No Internet,5,5,5,Premium,6,35,Yes,4.916666666666667,121.06915254237288,1.0,1
C282,54,Female,Pune,57,101.79,5823.13,Yearly,UPI,DSL,0,5,3,Basic,4,17,Yes,4.75,102.1601754385965,5.0,1
C283,28,Female,Pune,10,90.61,876.4,Yearly,UPI,DSL,1,4,29,Standard,9,55,Yes,0.8333333333333334,87.64,4.0,1
C284,59,Female,Mumbai,33,100.89,3216.25,Yearly,UPI,DSL,6,5,12,Standard,9,3,No,2.75,97.46212121212122,0.8333333333333334,0
C285,34,Male,Coimbatore,54,85.21,4755.61,Monthly,Debit Card,No Internet,3,5,8,Premium,5,28,No,4.5,88.06685185185185,1.6666666666666667,0
C286,61,Male,Hyderabad,12,36.34,404.03,Yearly,Debit Card,No Internet,2,1,20,Standard,5,0,No,1.0,33.66916666666666,0.5,0
C287,63,Male,Chennai,10,81.7,852.77,2-Year,Debit Card,DSL,8,2,4,Premium,6,33,No,0.8333333333333334,85.277,0.25,0
C288,29,Male,Hyderabad,27,63.32,1668.45,Monthly,Credit Card,No Internet,5,2,11,Standard,4,60,Yes,2.25,61.794444444444444,0.4,1
C289,51,Female,Chennai,8,67.34,573.59,Yearly,Credit Card,Fiber,5,3,27,Premium,2,24,Yes,0.6666666666666666,71.69875,0.6,1
C290,64,Female,Chennai,59,98.2,5807.06,Monthly,Bank Transfer,DSL,4,5,8,Basic,6,32,Yes,4.916666666666667,98.42474576271186,1.25,1
C291,24,Male,Chennai,41,88.68,3795.03,Monthly,Bank Transfer,Fiber,8,5,30,Basic,7,41,Yes,3.4166666666666665,92.56170731707317,0.625,1
C292,22,Male,Chennai,30,28.6,799.42,Yearly,Credit Card,DSL,1,4,28,Premium,4,58,Yes,2.5,26.647333333333332,4.0,1
C293,42,Female,Kochi,28,62.0,1629.98,Monthly,UPI,No Internet,1,5,20,Premium,1,44,Yes,2.3333333333333335,58.21357142857143,5.0,1
C294,40,Male,Pune,51,82.62,4066.32,Yearly,Bank Transfer,DSL,0,3,7,Standard,9,14,No,4.25,79.73176470588236,3.0,0
C295,43,Female,Hyderabad,20,111.85,2342.59,Yearly,Debit Card,Fiber,8,1,5,Premium,1,0,Yes,1.6666666666666667,117.12950000000001,0.125,1
C296,43,Male,Pune,14,110.84,1512.99,Yearly,Bank Transfer,No Internet,2,1,7,Premium,4,39,Yes,1.1666666666666667,108.07071428571429,0.5,1
C297,30,Male,Hyderabad,43,105.96,4812.44,Yearly,Bank Transfer,No Internet,1,2,23,Premium,2,16,No,3.5833333333333335,111.91720930232557,2.0,0
C298,64,Female,Delhi,23,87.27,1878.76,Monthly,UPI,Fiber,7,3,12,Standard,10,42,Yes,1.9166666666666667,81.68521739130435,0.42857142857142855,1
C299,55,Male,Delhi,52,65.69,3145.25,Monthly,Credit Card,Fiber,6,2,28,Premium,6,8,Yes,4.333333333333333,60.48557692307692,0.3333333333333333,1
C300,39,Female,Coimbatore,29,54.02,1579.53,Monthly,Credit Card,No Internet,1,2,29,Premium,3,57,Yes,2.4166666666666665,54.46655172413793,2.0,1
C301,34,Male,Bengaluru,58,73.18,3926.07,Monthly,Bank Transfer,No Internet,0,4,10,Basic,9,57,Yes,4.833333333333333,67.69086206896552,4.0,1
C302,48,Male,Delhi,26,98.35,2652.52,Monthly,Debit Card,Fiber,8,4,4,Standard,7,23,Yes,2.1666666666666665,102.02,0.5,1
C303,60,Male,Hyderabad,49,67.39,3132.59,Monthly,Credit Card,No Internet,7,2,3,Premium,4,48,Yes,4.083333333333333,63.93040816326531,0.2857142857142857,1
C304,22,Female,Delhi,15,44.64,713.28,Monthly,Debit Card,DSL,7,0,3,Standard,6,6,Yes,1.25,47.552,0.0,1
C305,51,Female,Pune,38,41.52,1616.55,Monthly,Debit Card,No Internet,1,4,10,Premium,7,58,Yes,3.1666666666666665,42.54078947368421,4.0,1
C306,43,Female,Delhi,32,109.28,3220.89,Yearly,Credit Card,DSL,3,0,18,Basic,5,13,No,2.6666666666666665,100.6528125,0.0,0
C307,28,Female,Bengaluru,43,102.06,4543.24,Monthly,Bank Transfer,No Internet,7,1,20,Standard,3,41,Yes,3.5833333333333335,105.65674418604651,0.14285714285714285,1
C308,19,Male,Chennai,9,40.31,370.31,Yearly,UPI,No Internet,0,1,10,Basic,3,33,Yes,0.75,41.14555555555555,1.0,1
C309,56,Male,Pune,6,82.62,493.45,Monthly,Bank Transfer,Fiber,6,4,6,Basic,10,52,Yes,0.5,82.24166666666666,0.6666666666666666,1
C310,57,Female,Hyderabad,47,112.62,5374.89,Yearly,UPI,Fiber,6,1,5,Standard,1,12,No,3.9166666666666665,114.35936170212767,0.16666666666666666,0
C311,50,Female,Hyderabad,39,70.21,2788.46,Monthly,UPI,No Internet,1,0,17,Premium,3,57,Yes,3.25,71.49897435897437,0.0,1
C312,70,Male,Kochi,34,108.11,3791.98,Monthly,Bank Transfer,Fiber,6,2,20,Standard,10,6,Yes,2.8333333333333335,111.52882352941177,0.3333333333333333,1
C313,34,Female,Mumbai,59,51.91,3247.32,2-Year,Bank Transfer,DSL,0,5,25,Basic,1,36,No,4.916666666666667,55.03932203389831,5.0,0
C314,51,Male,Kochi,42,101.41,4197.1,Monthly,UPI,Fiber,4,2,29,Standard,9,27,No,3.5,99.93095238095239,0.5,0
C315,57,Female,Kochi,49,77.45,3830.0,Monthly,Credit Card,DSL,8,3,10,Premium,5,36,Yes,4.083333333333333,78.16326530612245,0.375,1
C316,63,Female,Hyderabad,55,36.31,1910.7,2-Year,Credit Card,Fiber,8,3,27,Basic,6,51,No,4.583333333333333,34.74,0.375,0
C317,62,Male,Hyderabad,25,25.5,595.79,2-Year,Credit Card,DSL,6,0,4,Premium,5,14,No,2.0833333333333335,23.831599999999998,0.0,0
C318,56,Male,Kochi,60,83.33,5016.6,2-Year,UPI,Fiber,7,3,2,Premium,4,54,Yes,5.0,83.61,0.42857142857142855,1
C319,69,Female,Mumbai,3,73.5,227.5,Yearly,Credit Card,No Internet,5,1,22,Basic,1,10,No,0.25,75.83333333333333,0.2,0
C320,35,Female,Delhi,43,80.68,3479.09,Monthly,UPI,Fiber,4,5,28,Premium,9,58,Yes,3.5833333333333335,80.90906976744186,1.25,1
C321,40,Female,Mumbai,39,68.2,2618.93,2-Year,UPI,DSL,6,4,5,Basic,9,4,No,3.25,67.15205128205127,0.6666666666666666,0
C322,39,Male,Pune,57,100.37,5492.38,Monthly,Bank Transfer,DSL,7,1,26,Premium,6,49,Yes,4.75,96.35754385964913,0.14285714285714285,1
C323,47,Male,Coimbatore,8,61.35,513.47,Monthly,Credit Card,No Internet,3,2,15,Premium,6,33,Yes,0.6666666666666666,64.18375,0.6666666666666666,1
C324,62,Female,Mumbai,19,89.0,1777.87,Monthly,UPI,No Internet,7,2,13,Basic,4,57,Yes,1.5833333333333333,93.5721052631579,0.2857142857142857,1
C325,29,Male,Coimbatore,48,94.87,4825.34,Monthly,Credit Card,Fiber,3,4,13,Basic,3,49,Yes,4.0,100.52791666666667,1.3333333333333333,1
C326,23,Female,Chennai,49,116.01,6001.01,2-Year,Debit Card,No Internet,7,4,29,Standard,5,31,No,4.083333333333333,122.4695918367347,0.5714285714285714,0
C327,66,Female,Kochi,15,37.18,560.0,Yearly,Bank Transfer,DSL,0,4,13,Premium,7,55,No,1.25,37.333333333333336,4.0,0
C328,29,Female,Bengaluru,45,54.99,2279.92,Monthly,Credit Card,DSL,1,2,13,Premium,10,55,No,3.75,50.66488888888889,2.0,0
C329,53,Female,Mumbai,18,83.24,1466.18,Monthly,Bank Transfer,DSL,6,5,26,Basic,6,23,Yes,1.5,81.45444444444445,0.8333333333333334,1
C330,35,Female,Hyderabad,37,79.71,2821.19,Monthly,UPI,No Internet,3,4,15,Standard,7,12,No,3.0833333333333335,76.24837837837838,1.3333333333333333,0
C331,65,Male,Coimbatore,52,65.04,3184.28,Monthly,Debit Card,DSL,4,4,29,Standard,10,3,No,4.333333333333333,61.23615384615385,1.0,0
C332,62,Male,Chennai,14,70.27,1004.22,Yearly,Bank Transfer,No Internet,4,2,13,Standard,9,35,No,1.1666666666666667,71.73,0.5,0
C333,34,Female,Chennai,27,107.4,3114.67,Monthly,Credit Card,No Internet,8,1,26,Premium,5,22,Yes,2.25,115.35814814814815,0.125,1
C334,50,Female,Coimbatore,57,83.3,4720.56,Monthly,Credit Card,Fiber,5,3,22,Premium,10,36,Yes,4.75,82.81684210526316,0.6,1
C335,22,Male,Hyderabad,22,55.1,1171.73,Monthly,Debit Card,No Internet,6,2,30,Premium,8,49,Yes,1.8333333333333333,53.26045454545454,0.3333333333333333,1
C336,41,Female,Kochi,11,27.19,309.99,Monthly,Debit Card,No Internet,1,1,7,Premium,7,6,No,0.9166666666666666,28.180909090909093,1.0,0
C337,48,Male,Chennai,50,97.67,4557.87,Monthly,Debit Card,No Internet,1,5,30,Basic,7,19,Yes,4.166666666666667,91.1574,5.0,1
C338,65,Female,Coimbatore,41,75.04,2914.49,Monthly,UPI,No Internet,5,3,16,Standard,9,59,Yes,3.4166666666666665,71.0851219512195,0.6,1
C339,46,Male,Hyderabad,38,84.95,3298.27,Yearly,Bank Transfer,No Internet,8,2,13,Premium,8,34,No,3.1666666666666665,86.79657894736842,0.25,0
C340,23,Female,Pune,24,39.79,880.18,Monthly,Credit Card,DSL,7,4,2,Standard,8,60,Yes,2.0,36.674166666666665,0.5714285714285714,1
C341,37,Male,Kochi,52,46.97,2249.87,Monthly,Debit Card,Fiber,8,3,14,Standard,4,10,Yes,4.333333333333333,43.26673076923077,0.375,1
C342,59,Female,Kochi,15,65.11,935.95,Monthly,Debit Card,DSL,8,2,15,Premium,4,54,Yes,1.25,62.39666666666667,0.25,1
C343,26,Female,Bengaluru,41,68.01,2877.85,Monthly,Bank Transfer,Fiber,0,1,3,Standard,9,1,No,3.4166666666666665,70.19146341463414,1.0,0
C344,24,Female,Pune,9,94.08,810.52,Yearly,Credit Card,Fiber,3,2,15,Standard,5,50,Yes,0.75,90.05777777777777,0.6666666666666666,1
C345,41,Female,Chennai,22,96.3,1998.63,Monthly,Debit Card,DSL,8,3,7,Basic,4,57,Yes,1.8333333333333333,90.8468181818182,0.375,1
C346,70,Female,Chennai,8,92.89,729.42,2-Year,Bank Transfer,Fiber,0,1,16,Premium,2,33,Yes,0.6666666666666666,91.1775,1.0,1
C347,31,Female,Kochi,44,113.94,4739.52,2-Year,UPI,No Internet,8,0,10,Premium,8,40,No,3.6666666666666665,107.71636363636365,0.0,0
C348,41,Male,Mumbai,8,66.25,488.88,Monthly,Debit Card,No Internet,6,1,2,Basic,1,37,Yes,0.6666666666666666,61.11,0.16666666666666666,1
C349,48,Male,Delhi,50,39.98,1868.31,Monthly,Debit Card,No Internet,0,2,22,Basic,3,44,Yes,4.166666666666667,37.3662,2.0,1
C350,24,Male,Coimbatore,15,78.04,1197.69,Monthly,Debit Card,DSL,3,0,24,Premium,7,22,No,1.25,79.846,0.0,0
C351,34,Male,Coimbatore,46,53.0,2514.86,Monthly,Credit Card,No Internet,8,2,12,Basic,8,17,Yes,3.8333333333333335,54.670869565217394,0.25,1
C352,56,Male,Bengaluru,34,53.09,1736.71,Monthly,Debit Card,DSL,8,3,25,Basic,3,56,Yes,2.8333333333333335,51.07970588235294,0.375,1
C353,41,Male,Delhi,47,116.88,5773.78,Monthly,Credit Card,No Internet,7,4,6,Premium,10,18,Yes,3.9166666666666665,122.8463829787234,0.5714285714285714,1
C354,59,Female,Bengaluru,7,31.33,231.07,Monthly,Credit Card,Fiber,3,0,17,Basic,4,6,Yes,0.5833333333333334,33.01,0.0,1
C355,59,Female,Coimbatore,34,81.08,2557.83,Yearly,Credit Card,No Internet,1,0,8,Premium,8,59,Yes,2.8333333333333335,75.23029411764706,0.0,1
C356,23,Female,Chennai,24,114.13,2702.29,Yearly,Debit Card,No Internet,4,4,3,Basic,2,53,Yes,2.0,112.59541666666667,1.0,1
C357,31,Male,Bengaluru,47,61.61,2753.49,Monthly,Credit Card,No Internet,2,4,25,Premium,9,26,Yes,3.9166666666666665,58.58489361702127,2.0,1
C358,67,Female,Coimbatore,45,108.87,4637.97,Yearly,Credit Card,No Internet,8,2,23,Standard,3,34,Yes,3.75,103.066,0.25,1
C359,46,Female,Delhi,36,55.84,1968.98,2-Year,Bank Transfer,No Internet,3,4,19,Standard,4,24,No,3.0,54.69388888888889,1.3333333333333333,0
C360,65,Female,Delhi,29,62.72,1884.74,Monthly,Debit Card,No Internet,8,1,30,Basic,5,0,No,2.4166666666666665,64.99103448275862,0.125,0
C361,32,Male,Delhi,2,114.62,241.06,Yearly,Credit Card,Fiber,7,2,6,Basic,3,16,Yes,0.16666666666666666,120.53,0.2857142857142857,1
C362,55,Male,Mumbai,17,33.73,564.22,Yearly,Credit Card,No Internet,5,3,7,Basic,8,52,Yes,1.4166666666666667,33.18941176470588,0.6,1
C363,62,Male,Pune,3,79.75,223.11,Yearly,UPI,DSL,6,3,29,Standard,2,55,Yes,0.25,74.37,0.5,1
C364,65,Male,Kochi,4,28.91,116.38,Monthly,Credit Card,DSL,3,1,3,Premium,7,28,Yes,0.3333333333333333,29.095,0.3333333333333333,1
C365,54,Male,Mumbai,28,62.46,1645.96,Monthly,UPI,DSL,0,4,14,Premium,5,5,Yes,2.3333333333333335,58.784285714285716,4.0,1
C366,45,Male,Hyderabad,31,71.35,2265.73,Yearly,Credit Card,No Internet,8,1,9,Premium,2,17,Yes,2.5833333333333335,73.08806451612904,0.125,1
C367,38,Male,Bengaluru,43,59.7,2439.97,Monthly,Debit Card,No Internet,0,2,7,Premium,6,39,Yes,3.5833333333333335,56.74348837209302,2.0,1
C368,69,Female,Hyderabad,29,102.73,2836.02,Monthly,Debit Card,Fiber,1,0,25,Premium,1,15,Yes,2.4166666666666665,97.79379310344828,0.0,1
C369,27,Female,Chennai,22,35.57,776.29,Yearly,UPI,DSL,8,1,8,Basic,9,33,Yes,1.8333333333333333,35.28590909090909,0.125,1
C370,53,Female,Hyderabad,45,26.75,1219.74,Yearly,UPI,DSL,0,2,8,Basic,10,17,No,3.75,27.105333333333334,2.0,0
C371,59,Male,Bengaluru,25,87.98,2344.8,Yearly,Debit Card,Fiber,4,5,14,Basic,4,24,Yes,2.0833333333333335,93.792,1.25,1
C372,63,Male,Delhi,32,75.5,2294.78,2-Year,Bank Transfer,No Internet,0,0,9,Premium,9,19,No,2.6666666666666665,71.711875,0.0,0
C373,43,Male,Chennai,23,58.76,1308.74,Yearly,Debit Card,Fiber,4,3,30,Premium,1,60,Yes,1.9166666666666667,56.901739130434784,0.75,1
C374,35,Male,Hyderabad,22,87.41,1796.19,2-Year,Bank Transfer,No Internet,3,3,9,Premium,10,9,No,1.8333333333333333,81.645,1.0,0
C375,37,Female,Coimbatore,35,86.98,3083.77,Monthly,Credit Card,Fiber,8,1,15,Standard,3,41,Yes,2.9166666666666665,88.10771428571428,0.125,1
C376,28,Female,Bengaluru,36,93.35,3190.76,Monthly,Credit Card,No Internet,5,3,15,Basic,5,28,Yes,3.0,88.63222222222223,0.6,1
C377,70,Female,Hyderabad,50,37.5,1732.86,Monthly,Debit Card,No Internet,3,4,9,Premium,4,43,Yes,4.166666666666667,34.657199999999996,1.3333333333333333,1
C378,23,Female,Hyderabad,33,69.53,2349.4,Yearly,Credit Card,DSL,7,1,7,Standard,4,14,No,2.75,71.1939393939394,0.14285714285714285,0
C379,66,Male,Pune,27,88.78,2283.09,Monthly,Credit Card,Fiber,7,4,17,Basic,6,55,Yes,2.25,84.55888888888889,0.5714285714285714,1
C380,33,Female,Kochi,50,94.86,4652.22,Monthly,Debit Card,DSL,8,4,22,Premium,1,33,Yes,4.166666666666667,93.04440000000001,0.5,1
C381,47,Male,Mumbai,34,118.46,3730.72,Monthly,Bank Transfer,No Internet,0,1,11,Premium,8,25,Yes,2.8333333333333335,109.7270588235294,1.0,1
C382,67,Female,Coimbatore,11,83.25,850.48,Monthly,Credit Card,DSL,7,0,25,Premium,9,7,Yes,0.9166666666666666,77.31636363636363,0.0,1
C383,55,Male,Kochi,27,27.37,733.51,Monthly,Credit Card,DSL,4,2,24,Basic,3,45,Yes,2.25,27.167037037037037,0.5,1
C384,23,Male,Coimbatore,41,74.76,3008.31,Monthly,Credit Card,DSL,6,0,26,Premium,3,58,Yes,3.4166666666666665,73.37341463414634,0.0,1
C385,60,Male,Hyderabad,56,98.07,5097.65,Monthly,Debit Card,DSL,7,2,22,Premium,3,7,Yes,4.666666666666667,91.02946428571428,0.2857142857142857,1
C386,30,Male,Pune,1,106.26,107.0,Monthly,UPI,No Internet,3,1,20,Standard,8,29,Yes,0.08333333333333333,107.0,0.3333333333333333,1
C387,23,Male,Mumbai,57,83.88,4825.18,Monthly,Credit Card,Fiber,2,0,22,Basic,6,2,No,4.75,84.65228070175439,0.0,0
C388,20,Female,Delhi,59,35.34,2249.77,Monthly,Credit Card,No Internet,8,1,16,Standard,10,23,Yes,4.916666666666667,38.131694915254236,0.125,1
C389,23,Female,Delhi,24,102.93,2572.47,2-Year,UPI,DSL,2,0,24,Standard,5,21,No,2.0,107.18624999999999,0.0,0
C390,51,Male,Mumbai,40,79.28,3414.42,Monthly,UPI,DSL,4,3,21,Premium,6,16,Yes,3.3333333333333335,85.3605,0.75,1
C391,57,Female,Hyderabad,40,74.37,3037.56,Yearly,Bank Transfer,Fiber,3,5,11,Premium,4,0,No,3.3333333333333335,75.939,1.6666666666666667,0
C392,47,Male,Mumbai,52,64.39,3104.79,Yearly,Debit Card,No Internet,3,0,22,Premium,4,44,No,4.333333333333333,59.707499999999996,0.0,0
C393,68,Male,Pune,20,55.77,1027.26,Monthly,Debit Card,DSL,0,1,8,Standard,6,53,No,1.6666666666666667,51.363,1.0,0
C394,61,Female,Coimbatore,52,37.9,1862.13,Monthly,Bank Transfer,No Internet,7,3,25,Standard,1,53,Yes,4.333333333333333,35.81019230769231,0.42857142857142855,1
C395,54,Female,Chennai,14,56.51,843.82,Yearly,Debit Card,Fiber,4,0,12,Basic,7,40,No,1.1666666666666667,60.27285714285715,0.0,0
C396,28,Female,Hyderabad,39,99.32,3754.66,Monthly,Debit Card,No Internet,4,3,4,Basic,8,56,Yes,3.25,96.27333333333333,0.75,1
C397,46,Female,Mumbai,34,35.66,1267.72,Monthly,Credit Card,Fiber,8,0,27,Standard,8,57,Yes,2.8333333333333335,37.28588235294118,0.0,1
C398,30,Female,Coimbatore,47,54.48,2489.82,2-Year,UPI,No Internet,2,1,25,Premium,1,29,No,3.9166666666666665,52.97489361702128,0.5,0
C399,51,Male,Chennai,20,90.27,1832.64,2-Year,UPI,DSL,0,0,18,Standard,5,1,No,1.6666666666666667,91.632,0.0,0
C400,37,Male,Delhi,13,51.28,647.35,Monthly,Bank Transfer,No Internet,4,1,7,Basic,5,7,No,1.0833333333333333,49.79615384615385,0.25,0
C401,57,Male,Mumbai,35,55.26,1823.18,Monthly,Debit Card,No Internet,2,0,11,Basic,10,57,No,2.9166666666666665,52.090857142857146,0.0,0
C402,46,Male,Hyderabad,2,89.17,167.1,Monthly,UPI,Fiber,6,1,24,Standard,10,57,Yes,0.16666666666666666,83.55,0.16666666666666666,1
C403,62,Female,Delhi,20,43.82,912.63,Monthly,UPI,DSL,2,0,28,Premium,8,6,No,1.6666666666666667,45.6315,0.0,0
C404,61,Female,Coimbatore,15,38.65,616.46,2-Year,Debit Card,DSL,2,5,23,Standard,6,50,No,1.25,41.09733333333334,2.5,0
C405,38,Female,Coimbatore,2,35.72,71.2,Monthly,Credit Card,DSL,2,4,5,Standard,7,52,Yes,0.16666666666666666,35.6,2.0,1
C406,24,Female,Bengaluru,51,68.79,3559.11,Monthly,Credit Card,No Internet,8,1,17,Basic,7,4,No,4.25,69.7864705882353,0.125,0
C407,70,Female,Kochi,37,76.73,2719.16,Yearly,UPI,No Internet,7,0,20,Premium,10,29,No,3.0833333333333335,73.49081081081081,0.0,0
C408,24,Female,Hyderabad,20,31.61,592.62,2-Year,Bank Transfer,DSL,0,0,8,Standard,3,56,No,1.6666666666666667,29.631,0.0,0
C409,66,Male,Hyderabad,43,75.47,3188.09,Monthly,Bank Transfer,Fiber,5,2,20,Basic,5,58,Yes,3.5833333333333335,74.14162790697675,0.4,1
C410,45,Female,Bengaluru,38,118.71,4441.83,Monthly,Credit Card,DSL,5,4,3,Basic,1,45,Yes,3.1666666666666665,116.89026315789474,0.8,1
C411,40,Male,Pune,56,66.01,3749.89,Monthly,Debit Card,No Internet,6,3,15,Standard,9,13,Yes,4.666666666666667,66.96232142857143,0.5,1
C412,48,Male,Mumbai,36,112.83,4282.82,Monthly,Credit Card,DSL,2,1,2,Premium,2,41,Yes,3.0,118.96722222222222,0.5,1
C413,64,Female,Kochi,9,86.01,763.67,Monthly,Bank Transfer,No Internet,6,4,7,Premium,8,32,Yes,0.75,84.85222222222222,0.6666666666666666,1
C414,70,Female,Kochi,23,65.35,1384.59,Monthly,Bank Transfer,No Internet,8,2,15,Basic,9,36,Yes,1.9166666666666667,60.1995652173913,0.25,1
C415,20,Female,Delhi,8,116.37,868.41,Yearly,Debit Card,DSL,1,4,30,Premium,10,5,No,0.6666666666666666,108.55125,4.0,0
C416,58,Male,Pune,40,57.64,2408.35,Monthly,Bank Transfer,DSL,7,4,25,Premium,6,26,Yes,3.3333333333333335,60.208749999999995,0.5714285714285714,1
C417,69,Female,Pune,11,112.67,1288.83,Monthly,Debit Card,Fiber,7,4,7,Premium,10,3,Yes,0.9166666666666666,117.16636363636363,0.5714285714285714,1
C418,36,Male,Pune,32,73.03,2468.37,Monthly,Debit Card,DSL,4,2,29,Basic,5,0,No,2.6666666666666665,77.1365625,0.5,0
C419,56,Male,Hyderabad,43,101.74,4207.7,Monthly,Credit Card,DSL,8,0,12,Basic,2,9,Yes,3.5833333333333335,97.85348837209303,0.0,1
C420,70,Male,Coimbatore,49,98.18,4609.11,2-Year,Bank Transfer,No Internet,2,1,20,Premium,6,3,No,4.083333333333333,94.06346938775509,0.5,0
C421,66,Male,Chennai,11,70.24,769.71,Monthly,Credit Card,DSL,6,3,10,Premium,3,33,Yes,0.9166666666666666,69.97363636363637,0.5,1
C422,18,Female,Coimbatore,25,116.37,2994.38,Yearly,UPI,Fiber,5,3,21,Premium,5,21,Yes,2.0833333333333335,119.7752,0.6,1
C423,69,Male,Pune,42,68.81,2971.08,Yearly,Credit Card,No Internet,3,4,12,Premium,3,20,No,3.5,70.74,1.3333333333333333,0
C424,61,Male,Bengaluru,1,74.9,77.12,Monthly,Debit Card,Fiber,4,2,8,Premium,1,1,Yes,0.08333333333333333,77.12,0.5,1
C425,21,Male,Bengaluru,46,33.21,1553.25,2-Year,Bank Transfer,No Internet,2,0,24,Premium,3,16,No,3.8333333333333335,33.766304347826086,0.0,0
C426,60,Male,Coimbatore,60,98.09,6066.41,2-Year,Debit Card,DSL,1,2,26,Basic,1,24,No,5.0,101.10683333333333,2.0,0
C427,21,Female,Pune,12,71.71,919.53,Monthly,Bank Transfer,Fiber,7,0,6,Premium,9,49,Yes,1.0,76.6275,0.0,1
C428,57,Male,Coimbatore,46,28.31,1212.75,Monthly,Debit Card,DSL,7,1,22,Basic,1,59,Yes,3.8333333333333335,26.36413043478261,0.14285714285714285,1
C429,42,Female,Hyderabad,45,62.18,2575.91,Monthly,Bank Transfer,DSL,6,5,26,Standard,2,34,Yes,3.75,57.242444444444445,0.8333333333333334,1
C430,42,Female,Bengaluru,37,119.2,4292.86,Monthly,Debit Card,DSL,1,2,19,Basic,6,5,Yes,3.0833333333333335,116.02324324324323,2.0,1
C431,66,Female,Mumbai,12,116.91,1439.0,Yearly,Debit Card,No Internet,1,5,24,Standard,6,31,No,1.0,119.91666666666667,5.0,0
C432,58,Female,Mumbai,9,27.41,266.28,Monthly,Credit Card,DSL,1,4,22,Standard,5,31,Yes,0.75,29.586666666666662,4.0,1
C433,69,Female,Chennai,3,57.08,177.3,Monthly,Bank Transfer,Fiber,8,3,23,Basic,9,9,Yes,0.25,59.1,0.375,1
C434,32,Male,Chennai,48,87.11,4162.03,Monthly,UPI,Fiber,2,0,7,Premium,1,57,Yes,4.0,86.70895833333333,0.0,1
C435,68,Male,Coimbatore,40,81.15,3411.05,Monthly,UPI,Fiber,3,0,27,Standard,4,27,Yes,3.3333333333333335,85.27625,0.0,1
C436,65,Female,Delhi,8,79.72,600.75,2-Year,Credit Card,Fiber,2,2,4,Premium,2,17,No,0.6666666666666666,75.09375,1.0,0
C437,44,Male,Delhi,36,48.15,1756.14,Monthly,Credit Card,Fiber,6,1,2,Premium,8,5,No,3.0,48.781666666666666,0.16666666666666666,0
C438,29,Male,Pune,27,100.26,2696.63,Yearly,Credit Card,Fiber,4,4,16,Basic,7,15,Yes,2.25,99.87518518518519,1.0,1
C439,57,Male,Hyderabad,46,115.28,5410.8,Monthly,Debit Card,DSL,0,4,9,Standard,4,7,Yes,3.8333333333333335,117.62608695652175,4.0,1
C440,24,Female,Mumbai,30,87.64,2535.15,Yearly,Credit Card,Fiber,7,3,7,Basic,3,42,Yes,2.5,84.50500000000001,0.42857142857142855,1
C441,21,Female,Pune,14,56.76,833.44,Monthly,Bank Transfer,Fiber,0,4,7,Basic,3,50,Yes,1.1666666666666667,59.53142857142858,4.0,1
C442,50,Male,Bengaluru,58,67.26,3950.87,Monthly,Bank Transfer,Fiber,5,1,26,Premium,2,20,Yes,4.833333333333333,68.11844827586206,0.2,1
C443,33,Female,Mumbai,25,31.99,810.64,2-Year,UPI,DSL,3,4,16,Basic,3,24,No,2.0833333333333335,32.4256,1.3333333333333333,0
C444,47,Male,Delhi,18,37.09,688.15,Monthly,UPI,DSL,1,3,16,Basic,7,10,Yes,1.5,38.230555555555554,3.0,1
C445,32,Female,Hyderabad,51,115.51,6273.29,Yearly,Credit Card,Fiber,8,3,29,Standard,4,37,Yes,4.25,123.0056862745098,0.375,1
C446,47,Female,Chennai,47,107.9,4866.69,Monthly,Bank Transfer,No Internet,2,4,30,Basic,1,26,Yes,3.9166666666666665,103.54659574468084,2.0,1
C447,20,Female,Chennai,28,70.53,2069.01,Monthly,UPI,DSL,3,0,19,Standard,1,44,Yes,2.3333333333333335,73.8932142857143,0.0,1
C448,31,Male,Delhi,19,119.9,2101.66,Monthly,Debit Card,Fiber,7,4,25,Premium,10,1,Yes,1.5833333333333333,110.6136842105263,0.5714285714285714,1
C449,47,Male,Kochi,12,60.19,718.15,Yearly,UPI,No Internet,6,5,12,Basic,9,2,No,1.0,59.84583333333333,0.8333333333333334,0
C450,66,Female,Mumbai,51,83.94,4168.4,Yearly,UPI,No Internet,5,0,5,Premium,7,23,No,4.25,81.73333333333332,0.0,0
C451,20,Female,Delhi,12,91.96,1114.25,Yearly,Credit Card,Fiber,3,4,5,Standard,8,47,Yes,1.0,92.85416666666667,1.3333333333333333,1
C452,55,Male,Mumbai,21,50.4,1088.92,Monthly,Debit Card,Fiber,5,2,16,Basic,8,32,Yes,1.75,51.85333333333334,0.4,1
C453,25,Female,Pune,29,100.99,3137.41,Yearly,UPI,Fiber,1,0,14,Standard,3,18,Yes,2.4166666666666665,108.18655172413793,0.0,1
C454,22,Male,Hyderabad,18,39.06,663.76,Monthly,Credit Card,No Internet,0,2,15,Premium,9,59,No,1.5,36.87555555555556,2.0,0
C455,40,Female,Coimbatore,48,52.69,2352.26,Yearly,Credit Card,No Internet,5,3,20,Premium,6,41,Yes,4.0,49.00541666666667,0.6,1
C456,38,Female,Coimbatore,30,37.54,1178.34,Monthly,Credit Card,DSL,7,2,11,Basic,1,9,Yes,2.5,39.278,0.2857142857142857,1
C457,47,Male,Hyderabad,46,42.32,1845.6,Monthly,Credit Card,Fiber,1,0,12,Basic,10,8,No,3.8333333333333335,40.12173913043478,0.0,0
C458,41,Male,Mumbai,36,88.23,3419.21,Yearly,Credit Card,DSL,8,1,19,Standard,5,7,No,3.0,94.97805555555556,0.125,0
C459,43,Female,Hyderabad,30,39.83,1284.79,2-Year,Debit Card,No Internet,4,3,30,Premium,5,60,No,2.5,42.82633333333333,0.75,0
C460,54,Male,Coimbatore,22,94.51,2212.35,Yearly,Credit Card,No Internet,1,2,2,Premium,7,39,No,1.8333333333333333,100.56136363636364,2.0,0
C461,46,Female,Bengaluru,21,85.92,1828.41,Monthly,Credit Card,DSL,0,0,19,Basic,8,43,Yes,1.75,87.06714285714285,0.0,1
C462,23,Female,Mumbai,32,82.48,2826.61,Monthly,Debit Card,DSL,6,2,14,Basic,6,0,Yes,2.6666666666666665,88.3315625,0.3333333333333333,1
C463,40,Female,Coimbatore,56,45.49,2705.51,Yearly,Bank Transfer,DSL,2,5,30,Standard,7,46,No,4.666666666666667,48.31267857142858,2.5,0
C464,26,Male,Hyderabad,14,118.9,1671.34,Monthly,Debit Card,Fiber,6,0,2,Premium,7,40,Yes,1.1666666666666667,119.38142857142857,0.0,1
C465,44,Male,Coimbatore,46,111.91,4900.15,Yearly,Bank Transfer,DSL,7,0,28,Premium,5,53,No,3.8333333333333335,106.52499999999999,0.0,0
C466,49,Female,Mumbai,2,39.63,76.73,Yearly,Bank Transfer,Fiber,4,3,7,Premium,8,58,Yes,0.16666666666666666,38.365,0.75,1
C467,33,Male,Bengaluru,49,119.46,5447.75,Monthly,Debit Card,No Internet,6,2,22,Standard,8,44,Yes,4.083333333333333,111.17857142857143,0.3333333333333333,1
C468,41,Male,Pune,11,38.88,425.01,Yearly,Credit Card,DSL,0,2,13,Basic,7,40,Yes,0.9166666666666666,38.63727272727272,2.0,1
C469,40,Male,Pune,19,113.95,2169.85,Monthly,Credit Card,Fiber,2,4,12,Premium,6,52,Yes,1.5833333333333333,114.20263157894736,2.0,1
C470,69,Female,Pune,44,59.44,2629.76,Yearly,Debit Card,Fiber,2,4,11,Basic,6,49,No,3.6666666666666665,59.76727272727273,2.0,0
C471,39,Male,Bengaluru,14,46.01,612.03,Monthly,UPI,DSL,1,0,28,Standard,3,59,Yes,1.1666666666666667,43.71642857142857,0.0,1
C472,40,Female,Delhi,9,109.52,1001.08,Yearly,Debit Card,Fiber,4,0,25,Premium,2,14,No,0.75,111.23111111111112,0.0,0
C473,62,Male,Mumbai,20,37.37,697.01,Monthly,UPI,Fiber,7,3,3,Basic,4,6,Yes,1.6666666666666667,34.8505,0.42857142857142855,1
C474,60,Male,Coimbatore,8,29.11,225.49,2-Year,UPI,Fiber,3,4,30,Basic,4,11,Yes,0.6666666666666666,28.18625,1.3333333333333333,1
C475,19,Male,Hyderabad,55,51.35,2860.29,Yearly,Debit Card,Fiber,3,4,20,Premium,2,6,Yes,4.583333333333333,52.005272727272725,1.3333333333333333,1
C476,66,Male,Mumbai,46,51.78,2534.95,Monthly,UPI,No Internet,3,4,29,Basic,8,23,Yes,3.8333333333333335,55.10760869565217,1.3333333333333333,1
C477,29,Female,Bengaluru,12,118.22,1401.41,Yearly,Credit Card,DSL,5,0,16,Basic,2,33,Yes,1.0,116.78416666666668,0.0,1
C478,66,Female,Pune,36,32.81,1179.97,Yearly,Bank Transfer,DSL,4,5,28,Standard,8,14,No,3.0,32.776944444444446,1.25,0
C479,36,Female,Mumbai,55,104.9,5747.05,Monthly,Debit Card,Fiber,7,5,5,Basic,7,28,Yes,4.583333333333333,104.49181818181819,0.7142857142857143,1
C480,61,Male,Bengaluru,10,91.03,979.86,Monthly,Credit Card,Fiber,3,2,8,Standard,10,54,Yes,0.8333333333333334,97.986,0.6666666666666666,1
C481,25,Male,Kochi,47,97.66,4785.35,Monthly,Debit Card,No Internet,5,3,23,Standard,10,60,Yes,3.9166666666666665,101.81595744680853,0.6,1
C482,49,Female,Hyderabad,50,36.61,1827.38,Monthly,Credit Card,No Internet,0,0,25,Basic,1,53,No,4.166666666666667,36.5476,0.0,0
C483,61,Male,Hyderabad,25,56.06,1357.27,Yearly,UPI,Fiber,8,3,27,Premium,8,12,No,2.0833333333333335,54.2908,0.375,0
C484,49,Female,Pune,35,106.67,3761.3,Monthly,UPI,DSL,6,3,12,Basic,7,28,Yes,2.9166666666666665,107.46571428571428,0.5,1
C485,20,Male,Pune,57,71.69,3847.35,Yearly,Bank Transfer,DSL,7,5,19,Basic,9,36,No,4.75,67.49736842105263,0.7142857142857143,0
C486,53,Male,Chennai,26,81.15,2068.65,Monthly,Debit Card,DSL,0,0,20,Standard,1,8,Yes,2.1666666666666665,79.56346153846154,0.0,1
C487,40,Male,Delhi,25,57.79,1411.78,Monthly,Debit Card,Fiber,3,1,9,Premium,5,37,No,2.0833333333333335,56.471199999999996,0.3333333333333333,0
C488,62,Male,Pune,8,26.87,208.98,Monthly,Bank Transfer,No Internet,8,3,10,Standard,1,44,Yes,0.6666666666666666,26.1225,0.375,1
C489,19,Female,Kochi,37,79.39,3082.34,Monthly,UPI,No Internet,3,2,17,Premium,9,51,Yes,3.0833333333333335,83.30648648648649,0.6666666666666666,1
C490,39,Male,Pune,24,44.17,1083.05,2-Year,UPI,No Internet,4,2,3,Basic,5,36,No,2.0,45.12708333333333,0.5,0
C491,32,Male,Bengaluru,38,31.39,1250.3,Monthly,Bank Transfer,DSL,5,0,22,Basic,5,32,Yes,3.1666666666666665,32.902631578947364,0.0,1
C492,45,Female,Mumbai,27,84.37,2260.94,Monthly,Credit Card,Fiber,8,1,20,Premium,8,13,Yes,2.25,83.73851851851852,0.125,1
C493,70,Female,Pune,60,101.85,6455.93,Yearly,Bank Transfer,No Internet,0,4,8,Premium,6,29,No,5.0,107.59883333333333,4.0,0
C494,27,Female,Kochi,27,103.87,2609.04,Monthly,Credit Card,DSL,4,5,7,Standard,5,43,Yes,2.25,96.63111111111111,1.25,1
C495,43,Male,Bengaluru,10,48.33,508.6,Monthly,Bank Transfer,DSL,6,3,22,Premium,1,12,Yes,0.8333333333333334,50.86,0.5,1
C496,26,Male,Pune,51,87.57,4234.54,Yearly,UPI,No Internet,0,0,29,Standard,2,20,No,4.25,83.03019607843137,0.0,0
C497,22,Female,Delhi,43,33.58,1546.32,Yearly,Credit Card,Fiber,8,0,18,Basic,10,60,No,3.5833333333333335,35.96093023255814,0.0,0
C498,51,Female,Coimbatore,57,81.98,4877.11,Monthly,Debit Card,DSL,6,5,25,Premium,4,59,Yes,4.75,85.56333333333333,0.8333333333333334,1
C499,27,Male,Hyderabad,14,66.75,897.76,2-Year,UPI,DSL,5,5,5,Premium,6,34,No,1.1666666666666667,64.12571428571428,1.0,0
C500,61,Male,Pune,57,38.77,2201.13,Yearly,Debit Card,DSL,0,5,23,Basic,1,44,Yes,4.75,38.61631578947369,5.0,1
